"last_name, first_name",player_id,year,player_age,ab,pa,hit,single,double,triple,home_run,strikeout,walk,k_percent,bb_percent,batting_avg,slg_percent,on_base_percent,on_base_plus_slg,b_rbi,xba,xslg,woba,xwoba,xobp,xiso,wobacon,xwobacon,bacon,xbacon,xbadiff,xslgdiff,wobadiff,avg_swing_speed,fast_swing_rate,blasts_contact,blasts_swing,squared_up_contact,squared_up_swing,avg_swing_length,swords,attack_angle,attack_direction,ideal_angle_rate,vertical_swing_path,exit_velocity_avg,launch_angle_avg,sweet_spot_percent,barrel_batted_rate,poorlyunder_percent,poorlytopped_percent,z_swing_percent,oz_swing_percent,out_zone_percent,meatball_swing_percent,iz_contact_percent,in_zone_percent,whiff_percent,swing_percent,pull_percent,opposite_percent,f_strike_percent,groundballs_percent,maxeff_arm_2b_3b_sba,n_outs_above_average,rel_league_reaction_distance,rel_league_burst_distance,rel_league_routing_distance,rel_league_bootup_distance,f_bootup_distance,n_bolts,hp_to_1b,sprint_speed
"Torkelson, Spencer",679529,2025,25,563,649,135,76,27,1,31,169,72,26,11.1,0.240,0.456,0.333,0.789,78,0.226,0.456,0.339,0.334,0.322,0.230,0.415,0.407,0.338,0.321,0.014,0.000,0.005,73,26.4,15.2,11.5,30.7,23.1,7.8,17,13.5,-8,50,38,90.2,23.1,39.3,13.5,34.8,20.6,65.9,22.4,49.1,77.5,82.4,50.9,26.9,44.6,48.4,20.6,62.3,27.6,,,,,,,,,4.68,26.7
"Soderstrom, Tyler",691016,2025,23,561,624,155,95,34,1,25,141,55,22.6,8.8,0.276,0.474,0.346,0.820,93,0.261,0.457,0.354,0.341,0.333,0.196,0.424,0.406,0.367,0.349,0.015,0.017,0.013,74,37.9,20.8,15.9,33,25.2,7.5,27,9.6,1.2,50.2,30.6,91.6,7.9,34.4,11.4,18.2,35.5,68.3,28.7,49.2,81.1,83.8,50.8,25.4,48.9,33.2,28.4,62.7,48.3,,5,0.1,0.3,0.1,0.5,34.3,,4.41,27.4
"Springer, George",543807,2025,35,498,586,154,94,27,1,32,111,69,18.9,11.8,0.309,0.560,0.399,0.959,84,0.291,0.571,0.408,0.404,0.384,0.280,0.469,0.464,0.394,0.372,0.018,-0.011,0.004,73.7,40.2,18.4,13.8,32.6,24.5,7.5,13,13.2,-0.4,58,35.2,90,17.2,41.2,16.1,23.8,24,71,20.4,49,86.7,79.6,51,26.1,46.2,39.9,23.5,59.5,37.9,,-6,-0.6,-2.1,-0.7,-3.5,29.2,,4.49,28.0
"Butler, Lawrence",671732,2025,24,569,630,133,80,30,2,21,179,59,28.4,9.4,0.234,0.404,0.306,0.710,63,0.229,0.393,0.310,0.304,0.301,0.164,0.395,0.385,0.341,0.334,0.005,0.011,0.006,73.8,39.2,17.7,12.2,30.5,21.1,7.1,26,6.8,1.7,44.1,30.5,90.5,9.2,34.4,9.2,22.7,32.9,67.9,26.1,50,80.1,76.3,50,32.9,47,33.7,29.1,58.6,46.7,,4,-0.9,-0.3,0.2,-1,33.6,1,4.46,26.9
"Crawford, J.P.",641487,2025,30,570,654,151,115,24,0,12,122,74,18.7,11.3,0.265,0.370,0.352,0.722,58,0.266,0.386,0.322,0.329,0.354,0.120,0.347,0.357,0.336,0.339,-0.001,-0.016,-0.007,71.1,19.3,10.8,8.7,29.4,23.7,7.2,7,4.7,1.7,36.8,36,87.2,11.5,40,4.8,21.1,32.3,65.1,21.9,46.4,76.7,83.6,53.6,20.4,45.1,33.6,32.3,56.8,44.4,,,,,,,,,4.54,26.7
"Lowe, Nathaniel",663993,2025,29,540,609,123,79,23,3,18,159,62,26.1,10.2,0.228,0.381,0.307,0.688,84,0.229,0.373,0.301,0.303,0.311,0.145,0.363,0.366,0.319,0.325,-0.001,0.008,-0.002,72.7,24.3,13.4,10.3,27.5,21.3,7.2,28,6.6,7.9,47.2,30.1,89,10.9,33.4,7,22.3,31.6,63.8,24,48.1,73.5,82.6,51.9,24.7,44.6,31.6,29.8,59.8,43.8,,,,,,,,,4.51,26.2
"Guerrero Jr., Vladimir",665489,2025,26,589,680,172,115,34,0,23,94,81,13.8,11.9,0.292,0.467,0.381,0.848,84,0.300,0.506,0.366,0.384,0.390,0.206,0.383,0.408,0.345,0.357,-0.008,-0.039,-0.018,76.7,67.7,25.7,20.4,37.2,29.4,7.6,8,1.2,-4.4,30.6,27.4,92,7.8,33.7,12.2,16.6,33.7,62.3,21.4,49.2,71.5,84.1,50.8,21.5,42.2,34.9,25.1,55.4,47.1,,,,,,,,,4.56,26.9
"Busch, Michael",683737,2025,27,524,592,137,73,25,5,34,139,56,23.5,9.5,0.261,0.523,0.343,0.866,90,0.262,0.548,0.369,0.378,0.344,0.286,0.447,0.461,0.354,0.356,-0.001,-0.025,-0.009,69.6,7,17.4,13.1,38.4,28.9,7,18,16.3,-1.1,50.4,36.8,92.2,17,41.1,17.1,26.4,23,68.5,23.1,47.9,77.9,84,52.1,25.1,46.8,44.2,23,65.5,36.2,,,,,,,,,4.56,26.5
"Contreras, Willson",575929,2025,33,490,563,126,74,31,1,20,142,44,25.2,7.8,0.257,0.447,0.344,0.791,80,0.257,0.488,0.344,0.358,0.344,0.231,0.416,0.439,0.358,0.359,0.000,-0.041,-0.014,76,62.1,18.3,13.2,29.1,21,8,14,9.4,-1.8,47.3,32.8,90.6,12.3,37.1,13.9,21.8,29.5,66.3,30.1,49.2,81.2,80.5,50.8,28.9,48.5,37.7,24.4,62.7,41.9,,,,,,,,,4.51,27.5
"Schwarber, Kyle",656941,2025,32,604,724,145,64,23,2,56,197,108,27.2,14.9,0.240,0.563,0.365,0.928,132,0.251,0.584,0.391,0.403,0.374,0.333,0.496,0.516,0.355,0.373,-0.011,-0.021,-0.012,77.3,77.1,24.7,17.5,32.2,22.8,7.5,51,14.6,-5.8,64.3,30.3,94.3,20.1,35.3,20.8,25.5,21.6,64.1,21.5,52.3,72.6,75.8,47.7,33.1,41.8,54.7,17.2,53.6,34.3,,-2,,,,,,,4.51,25.9
"Ramos, Heliot",671218,2025,25,620,695,159,113,24,1,21,158,52,22.7,7.5,0.256,0.400,0.328,0.728,69,0.242,0.417,0.319,0.320,0.317,0.175,0.372,0.375,0.340,0.324,0.014,-0.017,-0.001,74,44.7,18.2,13.9,32.7,25,6.8,24,6,1.5,47.2,31.5,91.8,11.5,32.5,8.8,25,32.7,66.2,29.7,50.6,73.1,84.4,49.4,25.3,47.8,33.1,24.4,61.6,44.4,,-9,0,-0.4,-0.4,-0.9,32.7,,4.44,27.5
"Perez, Salvador",521692,2025,35,597,641,141,76,35,0,30,125,28,19.5,4.4,0.236,0.446,0.284,0.730,100,0.269,0.534,0.311,0.357,0.314,0.266,0.364,0.426,0.298,0.339,-0.033,-0.088,-0.046,72.9,30.5,17.5,13.1,32.5,24.4,7.9,22,12.4,-5.3,56.3,34.2,90,18.1,35.7,14.8,27.5,26,74.8,42.4,53.6,75,82.7,46.4,26.9,57.4,45.9,20.9,65.7,35.1,78.6,,,,,,,,4.94,24.4
"Chapman, Matt",656305,2025,32,454,535,105,59,23,2,21,126,71,23.6,13.3,0.231,0.430,0.340,0.770,61,0.243,0.417,0.336,0.340,0.352,0.174,0.382,0.388,0.316,0.335,-0.012,0.013,-0.004,75,50.8,18,13.7,30,22.8,7.5,20,5.6,-3.8,53.3,25.4,92.2,15.7,34,9.9,27.1,27.4,63.8,20.1,48.9,77.2,80.7,51.1,25.3,42.4,43.4,22.9,58.8,40.4,,,,,,,,,4.43,28.1
"Arraez, Luis",650333,2025,28,620,675,181,139,30,4,8,21,34,3.1,5,0.292,0.392,0.327,0.719,61,0.287,0.363,0.313,0.303,0.324,0.076,0.302,0.290,0.299,0.295,0.005,0.029,0.010,62.6,0.4,2.2,2.1,45,42.6,5.9,8,5.6,4.6,40.2,37.4,86.1,12.2,37.1,1.1,30.4,33.7,62.7,34.1,46.4,69.1,95.8,53.6,5.3,49.4,29.4,38.2,62.4,45.1,,,,,,,,,4.48,26.5
"Ramírez, Agustín",682663,2025,23,537,585,124,69,33,1,21,113,36,19.3,6.2,0.231,0.413,0.287,0.700,67,0.259,0.457,0.302,0.332,0.315,0.198,0.342,0.384,0.290,0.327,-0.028,-0.044,-0.030,75.2,55.4,21.6,16.4,32,24.3,7.5,19,7.3,-2.9,53.2,25.2,90.8,8.3,31.1,11,20.3,35.7,70,32,53,76.9,86.3,47,25.5,49.9,39.7,24.5,61.4,45.8,83,,,,,,,,4.78,26.7
"Albies, Ozzie",645277,2025,28,603,667,145,104,23,2,16,94,55,14.1,8.2,0.240,0.365,0.306,0.671,74,0.243,0.366,0.295,0.299,0.310,0.123,0.304,0.310,0.282,0.287,-0.003,-0.001,-0.004,69,7,8.1,6.6,35,28.4,7.2,17,12.7,-5.3,58.5,34.9,87.5,18.7,33.5,4.9,34.6,27.2,77.9,33.5,53.4,87.9,85.2,46.6,20.8,54.1,48.8,17.5,59.4,37.2,,,,,,,,,4.25,27.2
"Stott, Bryson",681082,2025,27,499,560,128,90,22,3,13,91,54,16.3,9.6,0.257,0.391,0.328,0.719,66,0.247,0.393,0.315,0.313,0.320,0.146,0.335,0.332,0.311,0.300,0.010,-0.002,0.002,69.4,5.7,10.5,9,33.6,28.7,7.2,11,7.5,2.1,51.4,32.8,87.6,14.9,36,5.1,31.2,30.9,55.6,23.3,47.2,54,87.3,52.8,16.7,40.4,29.2,30.4,58.6,41.1,,,,,,,,17,4.15,28.8
"Correa, Carlos",621043,2025,30,537,584,148,106,29,0,13,113,45,19.3,7.7,0.276,0.402,0.332,0.734,52,0.280,0.439,0.322,0.338,0.337,0.159,0.368,0.390,0.348,0.355,-0.004,-0.037,-0.016,73.8,37.9,18.3,14.5,31.5,24.9,7.2,15,7.7,-1.5,41.7,33.1,90.5,7.3,34.6,6.8,18.8,36.5,64.4,28.8,50.5,72.7,85.9,49.5,22.3,46.4,34.4,28,64.6,48.2,,,,,,,,,4.64,26.5
"Ozuna, Marcell",542303,2025,34,487,592,113,73,19,0,21,144,94,24.3,15.9,0.232,0.400,0.355,0.755,68,0.239,0.448,0.334,0.354,0.362,0.209,0.374,0.407,0.323,0.335,-0.007,-0.048,-0.020,72.9,31.6,14.6,10.9,31.8,23.7,7.2,3,13.9,-0.9,53,36.8,89.9,14.1,35.1,11.4,24.3,28.9,57.9,22.3,51.9,71.6,81.1,48.1,25.8,39.4,42.9,22.9,59.4,40.3,,,,,,,,,4.83,25.3
"Hoerner, Nico",663538,2025,28,599,649,178,138,29,4,7,49,39,7.6,6,0.297,0.394,0.345,0.739,61,0.292,0.391,0.324,0.322,0.341,0.099,0.323,0.320,0.321,0.317,0.005,0.003,0.002,68.5,2.6,9.7,8.8,40,36.4,7.2,16,5.9,-1.9,47.9,33.3,86.7,12.5,36.1,2.3,24.7,34.5,63.4,32.5,47.4,70.7,94.9,52.6,11.2,48.8,37,25.8,60.6,44.9,,,,,,,,9,4.34,28.6
"Kirk, Alejandro",672386,2025,26,451,506,127,94,18,0,15,59,48,11.7,9.5,0.282,0.421,0.348,0.769,76,0.278,0.480,0.334,0.359,0.348,0.203,0.342,0.373,0.319,0.319,0.004,-0.059,-0.025,72.5,28.6,21.1,17.3,38.4,31.5,7.2,12,7.9,4.5,55.8,23.9,91.1,11.9,34.4,10.1,21.9,31.9,65.9,29,50.6,79.4,85.6,49.4,18.5,47.2,28.1,30.4,60.2,44.2,81.7,,,,,,,,4.88,24.3
"Turner, Trea",607208,2025,32,589,639,179,126,31,7,15,107,43,16.7,6.7,0.304,0.457,0.355,0.812,69,0.270,0.410,0.352,0.321,0.324,0.140,0.396,0.356,0.370,0.329,0.034,0.047,0.031,71.2,17.8,14.6,11.2,33.5,25.7,7.6,18,8.1,-3,60,27.9,89.3,9.1,34.7,5.8,22.3,35.7,72.8,31,51.2,83.1,86.1,48.8,24.8,51.4,38.6,24,63.6,48.3,,,,,,,,117,4.22,30.3
"Witt Jr., Bobby",677951,2025,25,623,687,184,108,47,6,23,125,49,18.2,7.1,0.295,0.501,0.351,0.852,88,0.285,0.508,0.360,0.365,0.347,0.222,0.417,0.424,0.364,0.359,0.010,-0.007,-0.005,74.3,45.2,19.9,15.5,34.7,27,7,24,5.1,-0.2,47.2,28.6,93.3,15.2,35.4,12.5,27.7,26.5,71.5,30.7,50,84.9,83.4,50,23.9,51.1,32.9,29.3,62.7,37.4,,,,,,,,101,4.15,30.2
"Trout, Mike",545361,2025,33,456,556,106,65,14,1,26,178,87,32,15.6,0.232,0.439,0.359,0.798,64,0.236,0.474,0.343,0.358,0.364,0.239,0.456,0.486,0.373,0.384,-0.004,-0.035,-0.015,74,40.1,16.4,11.8,27.4,19.7,7.5,25,7.6,0.2,44.8,36.4,90.9,17.5,44.4,15.8,23.6,20.4,55.9,20.7,48.8,66.5,79.3,51.2,29.9,38.8,37.7,28.2,51.9,34.2,,-2,-1.5,0.4,0.4,-0.1,32.1,,4.5,27.9
"Abrams, CJ",682928,2025,24,580,635,149,90,35,5,19,125,37,19.7,5.8,0.257,0.433,0.315,0.748,60,0.245,0.401,0.324,0.309,0.305,0.156,0.371,0.350,0.325,0.311,0.012,0.032,0.015,72.4,25.5,13.8,10.6,31.4,24.3,7.6,28,10.9,-3.8,59,27.3,88.7,13.3,34.4,7.6,28.3,32.2,67.4,32.6,48.3,78.4,83,51.7,24.4,50.6,43.8,21.6,59.9,40.1,,,,,,,,1,4.27,28.2
"Smith, Josh",669701,2025,27,495,563,124,89,23,2,10,100,55,17.8,9.8,0.251,0.366,0.335,0.701,35,0.247,0.366,0.311,0.310,0.332,0.119,0.330,0.330,0.313,0.309,0.004,0.000,0.001,69.1,3.7,10.5,8.4,33.9,27.3,6.7,13,8.6,-1.9,43.1,36.5,87.2,12.7,33.8,5,27.1,31.8,63.1,25.7,47,72.4,87.7,53,19.6,45.5,36.3,26.3,61.5,44.6,,-1,-0.9,-0.4,0.4,-1,32.8,5,4.38,27.5
"Carroll, Corbin",682998,2025,24,564,642,146,66,32,17,31,153,67,23.8,10.4,0.259,0.541,0.343,0.884,84,0.262,0.529,0.371,0.372,0.348,0.267,0.454,0.455,0.352,0.359,-0.003,0.012,-0.001,74.7,45.6,19.4,14.9,30.4,23.3,7.3,20,11,-3.3,68.4,25.7,92.1,16.7,33.5,14.5,28,24.6,66.8,31.6,51.1,72.5,81,48.9,24.8,48.9,42.4,22.4,60,35.7,,10,1.7,0.5,-1.3,1,34.9,63,4.13,29.8
"Torres, Gleyber",650402,2025,28,532,628,136,98,22,0,16,101,85,16.1,13.5,0.256,0.387,0.358,0.745,74,0.269,0.462,0.332,0.363,0.372,0.193,0.335,0.380,0.311,0.329,-0.013,-0.075,-0.031,70.2,11.8,14.5,11.8,35.9,29.2,7.2,17,9.3,4.2,56.5,34.1,90,14.3,38.6,8.2,27.4,28.1,64.8,17.1,50.3,81.7,85.1,49.7,19.5,40.8,31.1,29.9,58.1,38.4,,,,,,,,,4.69,26.2
"Frelick, Sal",686217,2025,25,528,594,152,117,20,3,12,80,47,13.5,7.9,0.288,0.405,0.351,0.756,63,0.255,0.339,0.332,0.299,0.324,0.084,0.348,0.305,0.336,0.301,0.033,0.066,0.033,68.2,5.4,7.3,6.5,33.5,29.7,7.1,13,8.6,-1.8,51.9,28.1,85.5,12.1,30.7,3.1,26.1,35.1,60,26.3,47.2,62.6,90.7,52.8,12.8,44.1,41,24.8,56.9,46.7,,7,0.1,0.5,-0.1,0.5,35.1,38,4.18,28.9
"Realmuto, J.T.",592663,2025,34,502,550,129,90,26,1,12,129,35,23.5,6.4,0.257,0.384,0.315,0.699,52,0.253,0.411,0.307,0.316,0.313,0.158,0.367,0.381,0.343,0.340,0.004,-0.027,-0.009,72,26.3,15,11.5,30.4,23.4,7.5,16,12.4,1,52.8,34.2,90,11.1,36.7,8.8,22.9,32.7,65.6,32.3,50.9,71.1,85.4,49.1,24.3,48.6,38.8,25.5,57.5,44.7,85.2,,,,,,,,4.38,28.4
"Neto, Zach",687263,2025,24,502,554,129,73,29,1,26,149,33,26.9,6,0.257,0.474,0.319,0.793,62,0.251,0.495,0.337,0.344,0.315,0.244,0.436,0.447,0.362,0.356,0.006,-0.021,-0.007,71.4,13.3,18,13.1,36.6,26.6,7.1,30,18.1,-5.7,48.2,39,91,17.5,38,14,26.8,24.6,69.4,30.1,52.8,74.3,81.4,47.2,29.1,48.6,45.8,20.9,64.8,36.3,,,,,,,,,4.43,28.1
"Rodríguez, Julio",677594,2025,24,652,710,174,107,31,4,32,152,44,21.4,6.2,0.267,0.474,0.324,0.798,95,0.274,0.483,0.341,0.348,0.331,0.209,0.408,0.419,0.347,0.356,-0.007,-0.009,-0.007,76.4,63.9,19.8,14.4,30.8,22.4,7.7,19,6.9,-1.4,46.4,31.7,91.8,8.5,31.5,9.8,20.9,34.1,75.2,35.9,50.5,80.2,80.6,49.5,28.2,55.4,35.9,23.3,67,48.2,,11,-1.3,0.9,0.7,0.3,35,56,4.29,29.2
"McKinstry, Zach",656716,2025,30,452,511,117,71,23,11,12,111,46,21.7,9,0.259,0.438,0.333,0.771,49,0.247,0.358,0.333,0.305,0.324,0.111,0.385,0.344,0.338,0.325,0.012,0.080,0.028,67.5,1.9,9,7,30.9,24.1,6.8,9,9.9,1.4,43.1,37.4,85.7,14.1,41.2,6.1,24.5,30.5,65.5,26.4,48.1,81,83.8,51.9,22.8,46.7,43.2,25.4,61.8,40.9,,1,2.3,1,-1.3,2,36.5,,4.29,28.3
"Devers, Rafael",646240,2025,28,607,729,153,85,33,0,35,192,112,26.3,15.4,0.252,0.479,0.372,0.851,109,0.244,0.487,0.365,0.367,0.368,0.242,0.448,0.452,0.365,0.358,0.008,-0.008,-0.002,71.6,19.8,17.9,12.3,31.5,21.7,7.6,28,10,4.5,59.5,29.9,93.5,12.6,34.6,16,22.9,29.8,70.1,25.5,51.3,79.3,71.4,48.7,31.6,47.2,35.8,26.3,61.2,42.7,,,,,,,,,4.62,25.0
"Lindor, Francisco",596019,2025,31,644,732,172,106,35,0,31,131,65,17.9,8.9,0.267,0.466,0.346,0.812,86,0.260,0.454,0.350,0.345,0.342,0.194,0.386,0.379,0.331,0.325,0.007,0.012,0.005,71,16.4,13.9,11.1,33.8,26.9,7.5,14,11.1,-1.6,51.1,33.8,90.5,15.1,34.6,8.8,27.9,25.4,67.3,26.7,48.4,73.5,84.7,51.6,20.8,47.7,42.1,22.5,61.1,39,,,,,,,,1,4.4,27.4
"Polanco, Jorge",593871,2025,31,471,524,125,69,30,0,26,82,42,15.6,8,0.265,0.495,0.326,0.821,78,0.266,0.464,0.350,0.343,0.329,0.198,0.384,0.375,0.317,0.321,-0.001,0.031,0.007,71.2,14.5,18.6,14.8,39.1,31,7.2,24,9.5,-10.6,56.6,30.5,90.8,16.7,34.3,10.3,29,27.2,66.9,26.9,51.5,76,86,48.5,23.3,46.3,48.4,20.4,58.5,38,,,,,,,,,4.35,27.1
"Clement, Ernie",676391,2025,29,545,588,151,105,35,2,9,61,27,10.4,4.6,0.277,0.398,0.313,0.711,50,0.263,0.364,0.308,0.292,0.302,0.100,0.323,0.304,0.309,0.296,0.014,0.034,0.016,67.6,2.4,9.2,8.2,41.9,37.1,7,30,11.6,-3.1,59.3,32.2,86.6,17.9,37.1,2.4,35.7,24.8,72,36.4,51.1,76,93,48.9,14.5,53.8,40.1,23.4,64.1,34.7,,,,,,,,10,4.27,28.6
"Steer, Spencer",668715,2025,27,509,568,121,77,21,2,21,129,51,22.7,9,0.238,0.411,0.312,0.723,75,0.219,0.361,0.316,0.293,0.297,0.142,0.367,0.333,0.317,0.295,0.019,0.050,0.023,70.9,7.1,10,7.6,30.1,22.9,7.4,18,12.4,-4.1,58,28.3,87.3,18.8,34.2,7.6,32.4,23.5,67.5,24.8,45.7,76,81.6,54.3,25,48,45.4,21.1,65.3,35.2,,-3,,,,,,,4.45,28.0
"Goodman, Hunter",696100,2025,25,540,579,150,86,28,5,31,152,33,26.3,5.7,0.278,0.520,0.323,0.843,91,0.244,0.466,0.359,0.324,0.292,0.221,0.467,0.416,0.385,0.339,0.034,0.054,0.035,74.4,42.7,16.3,11.5,30.9,21.7,7.3,27,13.4,-7.2,61.1,25.2,90.8,17.3,32.8,12.8,29,24.4,75.3,36.7,52.8,79.1,80.1,47.2,32,55,48.7,17.9,65.5,38.5,83,,,,,,,,4.57,27.2
"Chourio, Jackson",694192,2025,21,549,589,148,88,35,4,21,121,30,20.5,5.1,0.270,0.463,0.308,0.771,78,0.247,0.426,0.328,0.307,0.288,0.179,0.393,0.364,0.341,0.314,0.023,0.037,0.021,73.9,40,18.7,14.3,34.3,26.3,7.5,22,7.1,1.4,57.7,26.4,89.3,10.6,34,9.7,25.7,30.8,70.4,36.9,51,79.6,83.9,49,26,53.4,34.3,27.4,69.6,42.8,,3,1.1,0.3,-0.1,1.2,35.8,63,4.25,29.2
"Swanson, Dansby",621020,2025,31,590,645,144,93,24,3,24,168,47,26,7.3,0.244,0.417,0.300,0.717,77,0.267,0.477,0.310,0.345,0.323,0.210,0.388,0.442,0.337,0.373,-0.023,-0.060,-0.035,70.9,5.7,17,12.2,35.6,25.7,7.4,29,15.6,-1.5,59.4,34.6,90.5,13.3,36.9,11.7,20.8,28.7,73.7,25.2,48.3,82.2,77.5,51.7,30.5,50.3,42.3,17.8,61.6,42.3,,,,,,,,3,4.3,28.5
"Suzuki, Seiya",673548,2025,30,571,651,140,74,31,3,32,164,71,25.2,10.9,0.245,0.478,0.326,0.804,103,0.247,0.493,0.343,0.352,0.330,0.246,0.419,0.433,0.337,0.344,-0.002,-0.015,-0.009,73.4,37.2,19.1,15.1,33.2,26.3,7.2,26,8.1,-3.1,50.5,31.1,91.3,17.9,40.2,16.6,29.9,23.6,59.1,20.5,47.8,63.4,84.3,52.2,23.9,40.6,41.9,23.4,59.6,31.8,,0,0.7,1,0.1,1.7,35.6,2,4.35,28.4
"Langford, Wyatt",694671,2025,23,489,573,118,70,25,1,22,151,74,26.4,12.9,0.241,0.431,0.344,0.775,62,0.239,0.448,0.337,0.346,0.344,0.210,0.407,0.421,0.344,0.345,0.002,-0.017,-0.009,73.1,29,17.9,13.4,34.4,25.8,7,10,16.8,-3.1,48.6,33.7,91.4,17.5,35.9,14,28.9,23.6,63.8,23.4,51.6,76.4,83.2,48.4,26.3,43,43.1,23,62.1,35,,10,0.2,1,0.2,1.4,35.6,17,4.32,28.9
"Jung, Josh",673962,2025,27,482,511,121,83,23,1,14,129,27,25.2,5.3,0.251,0.390,0.294,0.684,61,0.245,0.414,0.298,0.304,0.288,0.169,0.374,0.384,0.343,0.336,0.006,-0.024,-0.006,70.3,5.2,16.8,12.9,33.5,25.7,7,17,11.5,2.6,52.8,37.7,89.3,12.8,39.4,8.2,21,28,69.5,33.2,50.6,80.8,82.1,49.4,25.4,51.1,35.1,24.4,66.5,41.6,,,,,,,,,4.64,26.6
"Ramírez, José",608070,2025,32,593,673,168,101,34,3,30,74,66,11,9.8,0.283,0.503,0.360,0.863,85,0.284,0.446,0.359,0.342,0.362,0.162,0.376,0.355,0.320,0.323,-0.001,0.057,0.017,70.9,16.2,13.2,11.4,34.6,30.1,7.2,18,8.9,-9.4,60.7,29.8,88.9,19.2,36.4,7,33.5,23.8,66,28.9,51.9,73.6,91,48.1,14.9,46.8,51.6,18.3,56.6,33.3,,,,,,,,7,4.29,28.4
"Crow-Armstrong, Pete",691718,2025,23,591,647,146,74,37,4,31,155,29,24,4.5,0.247,0.481,0.287,0.768,95,0.242,0.475,0.323,0.321,0.284,0.233,0.404,0.401,0.326,0.321,0.005,0.006,0.002,72.7,28.5,14.7,10.8,30.1,22.1,7.2,24,14.6,-3.5,50.1,34.9,89.5,20,33.9,13,33.3,22,81.2,41.7,53.5,86.2,82,46.5,28.9,60.1,48.9,20.7,68.6,33.5,,24,1.8,2.7,-0.3,4.1,38.9,54,4.21,29.5
"García Jr., Luis",671277,2025,25,488,526,123,78,28,1,16,84,27,16,5.1,0.252,0.412,0.289,0.701,66,0.281,0.470,0.300,0.339,0.320,0.189,0.334,0.384,0.298,0.337,-0.029,-0.058,-0.039,72.4,28,18,14.6,37.6,30.4,7.4,18,10.7,-2.6,62.4,28.6,90.2,9.2,33.7,9,20.1,32.4,71.4,37.9,52.2,75.8,88.8,47.8,21.7,53.9,38,20.6,67.2,45.5,,,,,,,,,4.34,26.5
"Durbin, Caleb",702332,2025,25,445,506,114,78,25,0,11,50,30,9.9,5.9,0.256,0.387,0.334,0.721,53,0.255,0.362,0.319,0.312,0.333,0.107,0.307,0.298,0.286,0.285,0.001,0.025,0.007,67.9,1.9,7.9,7.2,37,33.3,6.8,21,8,-4,63.7,27.6,85.2,13.9,29.6,4,27.9,30.1,61.3,24.6,45.9,67.6,91.3,54.1,13,44.5,41.3,20.4,60.7,43.8,,,,,,,,,4.38,28.1
"McMahon, Ryan",641857,2025,30,509,586,109,65,23,1,20,189,70,32.3,11.9,0.214,0.381,0.312,0.693,53,0.219,0.419,0.306,0.322,0.318,0.201,0.398,0.426,0.337,0.348,-0.005,-0.038,-0.016,74,40.1,17,11.4,31.3,21,7.4,28,13.1,0.9,47.5,38.8,93.3,13.9,35.3,12.1,22.3,28.2,64.7,25,48.8,74.7,74.8,51.2,35.2,45.4,41.2,19.5,62.9,43.3,,,,,,,,,4.59,26.7
"Marte, Ketel",606466,2025,31,480,556,136,80,28,0,28,83,64,14.9,11.5,0.283,0.517,0.376,0.893,72,0.285,0.534,0.381,0.390,0.379,0.249,0.407,0.420,0.340,0.345,-0.002,-0.017,-0.009,74.6,45.5,19.3,15.2,35.6,28,7.8,14,10.1,-7.2,61.5,32,90.8,14.8,33,13.5,25,29,67.3,24.7,51.5,80.9,84.2,48.5,22.5,45.3,47.3,18.8,57.2,40.8,,,,,,,,,4.48,26.6
"Wood, James",695578,2025,22,598,689,153,84,38,0,31,221,85,32.1,12.3,0.256,0.475,0.350,0.825,94,0.259,0.493,0.353,0.361,0.354,0.233,0.486,0.502,0.403,0.410,-0.003,-0.018,-0.008,76,62.7,22.7,15.9,33.6,23.5,7.7,44,11.1,1.9,41.9,39.7,94.3,6.3,36.3,16.3,13.4,34.2,55.8,24.2,49.4,66.1,76.9,50.6,32.9,40.2,29.7,27.4,56,49.7,,-7,0.7,-1.7,-1.1,-2.1,31.2,9,4.23,27.8
"Raleigh, Cal",663728,2025,28,596,705,147,63,24,0,60,188,97,26.7,13.8,0.247,0.589,0.359,0.948,125,0.231,0.547,0.392,0.371,0.346,0.316,0.506,0.470,0.358,0.336,0.016,0.042,0.021,75.2,54.7,17.4,12.5,27.8,19.9,7.9,29,17.9,-8.2,45.2,34.3,91.3,25.2,35.3,19.5,35.8,15.1,75,31.8,53.9,83.2,78.4,46.1,31.5,51.7,54.5,19.7,61.2,25.8,83.1,,,,,,,,4.68,26.0
"Rafaela, Ceddanne",678882,2025,24,546,587,136,82,34,4,16,117,28,19.9,4.8,0.249,0.414,0.295,0.709,63,0.242,0.416,0.307,0.305,0.289,0.174,0.357,0.355,0.316,0.307,0.007,-0.002,0.002,71,12.4,14,10.4,32.7,24.3,7.5,20,11.6,-1.5,57.2,32.6,88.3,12.8,32.3,9.2,25.3,32,75.3,42.2,49.5,83.2,82.1,50.5,26.8,58.9,37.6,22.8,70.7,44,,21,3.4,2.7,-1,5.1,39.6,18,4.19,29.1
"Rooker, Brent",667670,2025,30,626,699,164,91,40,3,30,155,65,22.2,9.3,0.262,0.479,0.335,0.814,89,0.261,0.489,0.349,0.351,0.334,0.228,0.415,0.418,0.347,0.345,0.001,-0.010,-0.002,73.6,35.7,17.2,12.4,33.3,24,7.1,45,12.3,-6.1,45.2,36.3,90.7,16.4,39.7,13.7,25.8,26.8,75.3,26.4,51.8,85.5,79.6,48.2,30.8,50,42.9,22.2,63.8,37,,-3,-2.2,-2.1,-0.5,-4.8,28.7,,4.59,27.5
"Ortiz, Joey",687401,2025,26,470,506,108,82,18,1,7,74,27,14.6,5.3,0.230,0.317,0.276,0.593,45,0.245,0.327,0.263,0.275,0.290,0.082,0.280,0.294,0.273,0.291,-0.015,-0.010,-0.012,72.4,24.4,12.9,10.9,27.5,23.3,7.5,7,1.7,-1.8,33.3,27.8,84.9,13.3,27.4,3,27.6,33.6,57.8,33.3,45,65.8,90.6,55,16,46.8,29.6,32.3,66.2,45.5,,,,,,,,10,4.27,28.7
"Castellanos, Nick",592206,2025,33,547,589,137,91,27,2,17,133,32,22.6,5.4,0.250,0.400,0.294,0.694,72,0.242,0.408,0.300,0.302,0.290,0.165,0.362,0.364,0.326,0.320,0.008,-0.008,-0.002,70.5,16.9,11.9,8.5,32.2,22.9,7.7,17,15.1,-4.5,47,40,87.8,15.2,39,7.6,27.6,27.6,80,40.9,54.2,90.2,81.9,45.8,29.9,58.8,40.5,23.3,70.6,38.8,,-12,0,-2,-0.4,-2.4,31,,4.42,27.7
"Wagaman, Eric",676572,2025,27,476,514,119,79,28,3,9,100,32,19.5,6.2,0.250,0.378,0.296,0.674,53,0.259,0.421,0.293,0.315,0.306,0.162,0.336,0.366,0.312,0.327,-0.009,-0.043,-0.022,73.4,36.6,19.5,15.3,37.6,29.4,7.1,26,6.9,-2.7,49.4,27.9,91,10.6,34.4,6.8,26.2,33.3,64.5,25.8,49.8,74.8,85,50.2,24.2,45.2,38.1,23.4,64.2,44.1,,-1,,,,,,,4.67,26.9
"Larnach, Trevor",663616,2025,28,503,567,126,84,24,1,17,122,53,21.5,9.3,0.250,0.404,0.323,0.727,60,0.247,0.399,0.317,0.315,0.321,0.153,0.363,0.361,0.326,0.322,0.003,0.005,0.002,72.2,23.2,16.7,12,37.9,27.1,7.3,19,8.3,-10.6,41.1,34.1,90.9,10.9,34.9,7.2,24.5,33.3,62.2,27.5,50.9,68.2,83.9,49.1,29.8,44.5,40.1,23.5,56.9,43.7,,-4,-0.8,-1.7,0.2,-2.2,31,,4.66,26.1
"Bogaerts, Xander",593428,2025,32,491,552,129,88,30,0,11,94,48,17,8.7,0.263,0.391,0.328,0.719,53,0.267,0.413,0.313,0.327,0.336,0.146,0.340,0.359,0.319,0.329,-0.004,-0.022,-0.014,72.2,26,15.7,12.6,36.3,29,7.3,16,10.2,-6.9,52.5,31,89,11.1,36.7,6.9,21.7,30.8,58.8,23.6,48.2,63.8,85.5,51.8,21.3,41.9,42.4,20.2,60.5,43.8,,,,,,,,,4.37,27.6
"Harper, Bryce",547180,2025,32,501,580,131,72,32,0,27,121,70,20.9,12.1,0.261,0.487,0.357,0.844,75,0.268,0.492,0.361,0.368,0.364,0.224,0.414,0.424,0.342,0.353,-0.007,-0.005,-0.007,74.2,44.3,18.4,13.1,30.1,21.4,7.3,15,11.6,-2.2,46.2,35.5,91.3,11.6,37.6,12.3,21.9,31.9,78.9,35.6,57,86,80.9,43,30.7,54.2,36.3,26.6,64.5,43.6,,,,,,,,,4.49,27.0
"Goldschmidt, Paul",502671,2025,37,489,534,134,92,31,1,10,100,36,18.7,6.7,0.274,0.403,0.328,0.731,45,0.266,0.450,0.316,0.329,0.321,0.184,0.363,0.381,0.343,0.333,0.008,-0.047,-0.013,72.6,21.9,15.7,12.8,34,27.7,7.6,9,9.7,2.4,51.4,31.9,90.4,15.9,36.1,7.9,27.1,28.4,66.3,27.3,47.6,70.7,83.6,52.4,20.5,47.8,37.1,30.4,64.7,38.9,,,,,,,,,4.66,26.1
"Rice, Ben",700250,2025,26,467,530,119,61,28,4,26,100,50,18.9,9.4,0.255,0.499,0.337,0.836,65,0.283,0.557,0.358,0.394,0.365,0.273,0.402,0.453,0.322,0.362,-0.028,-0.058,-0.036,73.4,34.5,24,19.4,38.6,31.2,7.4,15,10.6,-6,56.8,33.2,93.3,14.2,39.3,15.4,23,27.1,65.5,21.2,50,74.8,86,50,21.2,43.3,44.4,21.1,59.4,39.8,78.6,,,,,,,,4.53,27.5
"Ohtani, Shohei",660271,2025,30,611,727,172,83,25,9,55,187,109,25.7,15,0.282,0.622,0.392,1.014,102,0.274,0.649,0.418,0.425,0.387,0.375,0.542,0.554,0.404,0.395,0.008,-0.027,-0.007,75.8,61.9,26,17.8,36.4,25,7.9,14,15,-2,53.3,36.9,94.9,15,35.9,23.5,19.7,28.4,66.1,26,52.6,76.1,75.2,47.4,33.4,45,43.2,19,59,39.7,,,,,,,,1,4.2,28.0
"Lopez, Otto",672640,2025,26,544,594,134,98,21,0,15,82,44,13.8,7.4,0.246,0.368,0.305,0.673,77,0.269,0.434,0.295,0.330,0.327,0.165,0.308,0.353,0.288,0.316,-0.023,-0.066,-0.035,71.7,22,17.1,14.2,37.7,31.4,6.8,19,7.4,-2.3,48.5,29.9,88.5,8.4,32.5,7.1,21.9,36.6,62.7,29.5,49.5,74.5,89.3,50.5,18.9,46.3,34.4,25.4,62,48.6,,,,,,,,1,4.22,28.5
"Yelich, Christian",592885,2025,33,573,644,151,101,21,0,29,167,64,25.9,9.9,0.264,0.452,0.343,0.795,103,0.245,0.439,0.343,0.330,0.327,0.194,0.429,0.409,0.371,0.345,0.019,0.013,0.013,73.4,35.6,18.3,13.2,32.4,23.3,7.5,23,9.7,7,44.4,36.3,90.2,1.9,31.2,10.3,12.3,45,66.7,25.7,51.2,74.9,81.6,48.8,29.2,45.7,33.4,27.8,65,56.8,,-3,0.3,-1.8,-1.3,-2.9,29.9,5,4.37,28.2
"Friedl, TJ",670770,2025,29,579,685,151,113,22,2,14,115,81,16.8,11.8,0.261,0.378,0.364,0.742,53,0.231,0.321,0.333,0.303,0.340,0.090,0.339,0.297,0.322,0.287,0.030,0.057,0.030,69.9,5.9,11.9,9.9,36.9,30.7,6.7,14,9.4,-7.8,59.6,28.3,87.1,14.3,33.4,2.7,28.8,30.2,58.3,18.1,47.3,70.1,90.1,52.7,17.5,39.2,45.2,18.6,52.8,42.3,,1,0,-1,-0.2,-1.3,33,,4.42,26.7
"Ward, Taylor",621493,2025,31,579,663,132,63,31,2,36,175,75,26.4,11.3,0.228,0.475,0.317,0.792,103,0.231,0.450,0.339,0.333,0.320,0.219,0.417,0.407,0.322,0.328,-0.003,0.025,0.006,69.5,7.2,14.7,11.3,37.4,28.9,7.1,26,9.1,-2.9,55.5,32.1,90.1,18,34.9,13.7,30.7,22.9,53.7,20.7,48.7,67.3,86.5,51.3,23.8,37.6,36.6,27.1,61.4,34.4,,0,0,-0.4,0.1,-0.3,32.4,1,4.51,27.3
"Doyle, Brenton",686668,2025,27,502,538,117,77,23,2,15,138,30,25.7,5.6,0.233,0.376,0.274,0.650,57,0.239,0.415,0.282,0.300,0.281,0.177,0.355,0.381,0.318,0.328,-0.006,-0.039,-0.018,70.8,6.3,15.8,11.5,36.5,26.5,7.2,24,11.5,0.6,64.6,30.3,89.9,9.8,33,10.8,22.4,35.4,71,30.1,50.4,80.4,81.6,49.6,29.7,50.4,40,22.2,64.1,46.5,,6,-1.2,0.7,0.9,0.3,35,42,4.32,29.5
"McLain, Matt",680574,2025,25,510,577,112,79,18,0,15,167,55,28.9,9.5,0.220,0.343,0.300,0.643,50,0.212,0.361,0.286,0.290,0.294,0.149,0.354,0.361,0.323,0.314,0.008,-0.018,-0.004,69.7,5.2,12.3,9,32.6,23.8,6.9,30,11.5,-0.1,56.5,32.1,88.8,16.3,34,7.7,27.4,23.4,59.9,26.3,49.7,70.7,80.2,50.3,28.5,43.2,32,29.7,60.3,39.7,,,,,,,,20,4.21,29.2
"Arozarena, Randy",668227,2025,30,613,709,146,86,32,1,27,191,64,26.9,9,0.238,0.426,0.334,0.760,76,0.227,0.417,0.332,0.327,0.326,0.190,0.404,0.395,0.342,0.329,0.011,0.009,0.005,72.3,29.8,18.3,13.3,35,25.4,7.4,20,8.7,0.4,62.1,25.3,91.3,12.9,32.6,11.5,24.6,29,62.6,25.2,49.7,75.7,75.9,50.3,29.7,44,33,24.8,62.4,42.6,,-5,-0.9,-1.4,0.3,-2,31.6,2,4.39,27.7
"Semien, Marcus",543760,2025,34,470,534,108,76,16,1,15,93,50,17.4,9.4,0.230,0.364,0.305,0.669,62,0.243,0.395,0.295,0.318,0.321,0.153,0.309,0.341,0.280,0.302,-0.013,-0.031,-0.023,68.4,5.3,11.9,9.4,36.2,28.6,7.7,24,15.8,-3.9,56.6,34.8,88.3,19.4,35.8,6.7,33.7,23.8,75.2,23.5,50.7,90.6,86.1,49.3,22.6,49,44.6,18.7,61.6,34.5,,,,,,,,2,4.4,28.5
"Lee, Jung Hoo",808982,2025,26,560,617,149,98,31,12,8,71,47,11.5,7.6,0.266,0.407,0.327,0.734,55,0.277,0.385,0.320,0.321,0.339,0.108,0.326,0.326,0.302,0.316,-0.011,0.022,-0.001,68.3,2.7,10.8,9.4,39.8,34.9,7.5,6,5.2,-4.6,40.9,39.4,87.1,9.9,34.1,3.7,24.7,36.1,64.5,22.5,47.1,71.3,91.5,52.9,13.1,44.7,40,25.4,60.9,47.5,,-5,-0.2,-0.3,-0.1,-0.6,34,,4.19,28.2
"Lowe, Brandon",664040,2025,30,507,553,130,80,19,0,31,149,38,26.9,6.9,0.256,0.477,0.307,0.784,83,0.253,0.478,0.334,0.335,0.307,0.224,0.433,0.434,0.357,0.356,0.003,-0.001,-0.001,73.9,40.4,15.7,11,30,21,7.2,31,14.8,-2.6,48.7,33.5,91.1,15.2,37.6,12.9,25.3,26.1,77.6,32.1,48.7,87.1,76.6,51.3,33.4,55.5,45.6,23.6,61.8,37.9,,,,,,,,,4.38,26.9
"Gurriel Jr., Lourdes",666971,2025,31,500,546,124,79,24,2,19,76,31,13.9,5.7,0.248,0.418,0.295,0.713,80,0.256,0.420,0.307,0.315,0.306,0.164,0.327,0.338,0.286,0.301,-0.008,-0.002,-0.008,70.6,9.6,12.9,10.6,35.2,28.9,7.5,16,10.5,-6,50.5,36.9,87.8,16.3,37.4,7.2,30.5,26.8,69.5,34.5,49.2,77,87.9,50.8,20.2,52.3,40.2,23.8,64.5,37.4,,-3,0.4,-0.9,0,-0.5,33.1,,4.53,27.1
"Schanuel, Nolan",694384,2025,23,488,564,129,93,23,1,12,71,59,12.6,10.5,0.264,0.389,0.353,0.742,53,0.262,0.388,0.327,0.327,0.352,0.126,0.325,0.325,0.306,0.306,0.002,0.001,0.000,67.5,6.1,9.4,8,37.9,32.4,6.7,13,8.6,-1,46.2,38.5,87.5,13.2,38,4.5,26.9,32.8,65.4,24,48.7,80.4,91,51.3,15,45.2,38.7,23.3,57.2,42.9,,,,,,,,,4.56,26.0
"Diaz, Yainer",673237,2025,26,542,567,139,93,25,1,20,95,20,16.8,3.5,0.256,0.417,0.284,0.701,70,0.268,0.465,0.300,0.326,0.297,0.197,0.346,0.379,0.309,0.325,-0.012,-0.048,-0.026,72.2,21.8,17.6,13.9,34.8,27.5,7.3,30,10.4,1,59.2,28.3,89.9,10.2,34.9,9.6,22,34,78.3,44.3,55.3,82.5,87.3,44.7,23.4,59.5,36.7,23.1,69.7,46,87.1,,,,,,,,4.37,27.3
"Beck, Jordan",687597,2025,24,539,588,139,91,27,5,16,174,43,29.6,7.3,0.258,0.416,0.317,0.733,53,0.231,0.395,0.319,0.301,0.293,0.164,0.422,0.394,0.380,0.342,0.027,0.021,0.018,73.2,32.9,13.4,9.3,26.4,18.5,7.7,8,10.7,-3.3,51.7,32.8,87.4,12.8,36.9,9.6,23.2,28.7,67.2,27.4,49.6,76.8,76.9,50.4,31.2,47.4,39.1,23,61.4,42.1,,-2,-0.8,-0.2,0.1,-0.9,31.6,1,4.4,28.7
"Altuve, Jose",514888,2025,35,588,654,156,105,24,1,26,109,55,16.7,8.4,0.265,0.442,0.329,0.771,77,0.237,0.384,0.331,0.300,0.305,0.147,0.365,0.323,0.322,0.289,0.028,0.058,0.031,69.7,11,10.2,8.3,31.7,25.7,7.6,12,15.3,-5.7,55.3,28.8,85.1,17.7,29.8,6.2,29.2,29.4,63.5,38.9,54.9,66,86.6,45.1,20.7,50,52.5,16.3,66.5,43.2,,-5,-0.7,-3,0.3,-3.5,29.2,20,4.44,26.9
"Bohm, Alec",664761,2025,28,464,504,133,101,18,3,11,82,29,16.3,5.8,0.287,0.409,0.331,0.740,59,0.275,0.413,0.322,0.324,0.325,0.139,0.358,0.360,0.343,0.334,0.012,-0.004,-0.002,71.7,18.2,17.3,14.9,37.5,32.5,7.3,11,5.4,4.5,47,29.7,90.8,6.8,35.6,6.2,19.1,37.9,66.9,26.3,46,84.8,90.3,54,14.6,48.2,27.3,25.3,61.9,49.7,,,,,,,,,4.66,26.5
"Machado, Manny",592518,2025,32,615,678,169,109,33,0,27,131,55,19.3,8.1,0.275,0.460,0.335,0.795,95,0.271,0.495,0.341,0.355,0.334,0.224,0.394,0.413,0.346,0.344,0.004,-0.035,-0.014,74.5,43,22,16.5,35.4,26.6,7.8,20,7.6,-0.3,54.6,26.5,92.9,14.3,34.8,12.9,24.9,29.4,70,29.9,49.8,81,81.4,50.2,26.1,50,35.6,25.2,63.5,38.9,,,,,,,,,4.67,25.8
"Nimmo, Brandon",607043,2025,32,587,652,154,102,27,0,25,141,50,21.6,7.7,0.262,0.436,0.324,0.760,92,0.252,0.419,0.329,0.321,0.317,0.167,0.386,0.374,0.340,0.329,0.010,0.017,0.008,72.3,26.5,19.2,14.8,34.4,26.5,7.2,22,6.6,2.1,47.9,29.1,91.9,11.2,29.7,8.8,22.5,35,66.2,24.2,45.5,75.7,82.8,54.5,23.8,47.2,35.2,29.3,61,46,,-1,-0.3,-0.4,0.4,-0.3,32.9,,4.33,27.3
"Walker, Christian",572233,2025,34,585,640,139,87,24,1,27,177,40,27.7,6.3,0.238,0.421,0.297,0.718,88,0.233,0.435,0.310,0.314,0.294,0.203,0.397,0.403,0.337,0.332,0.005,-0.014,-0.004,74.1,41.9,16.4,11.9,28.9,21,7.5,54,9.1,-4.6,51.3,29.4,90.9,16.9,34.5,12.9,29.6,26.5,75.8,28.1,49.4,84.2,78.7,50.6,30.5,52.2,42.2,22.6,61.3,37.4,,,,,,,,,4.68,26.2
"Duran, Jarren",680776,2025,28,620,696,159,89,41,13,16,169,60,24.3,8.6,0.256,0.442,0.332,0.774,84,0.248,0.410,0.335,0.326,0.327,0.162,0.403,0.389,0.350,0.342,0.008,0.032,0.009,74.8,47.5,19.4,14.2,32,23.4,7.5,21,5.6,0.2,44.5,26.6,91.8,12,34.5,9.7,25.3,31,64.1,31.1,51.4,68.7,83.6,48.6,29.3,47.2,35.4,26.2,58.3,41.5,,-4,0.9,0.4,-0.5,0.8,33.4,13,4.2,29.1
"Betts, Mookie",605141,2025,32,589,663,152,107,23,2,20,68,61,10.3,9.2,0.258,0.406,0.326,0.732,82,0.267,0.422,0.318,0.330,0.335,0.156,0.315,0.330,0.286,0.298,-0.009,-0.016,-0.012,69,8,13.4,11.7,47.1,41.3,7,30,9.2,-5.5,55.7,34.6,89.1,18,37.7,5.5,33.7,24.9,59.9,21.6,48.9,75.7,92.4,51.1,15.3,41.2,42.9,21.5,59.3,32.8,,,,,,,,,4.49,26.9
"Cruz, Oneil",665833,2025,26,471,544,94,53,18,3,20,174,64,32,11.8,0.200,0.378,0.298,0.676,61,0.218,0.425,0.295,0.324,0.317,0.207,0.380,0.433,0.311,0.346,-0.018,-0.047,-0.029,78.8,78.3,24.7,16.7,32.3,21.8,7.8,19,9.2,-7.3,47.8,33.4,95.8,8.1,31.5,17.9,21.2,35.8,58.2,28.1,55.3,67.4,76.2,44.7,34,41.6,36.1,22.8,60.6,48.3,,0,-0.6,-0.4,0.1,-0.9,33.8,42,4.26,29.2
"O'Hearn, Ryan",656811,2025,31,474,544,133,94,21,1,17,109,58,20,10.7,0.281,0.437,0.366,0.803,63,0.269,0.429,0.349,0.343,0.357,0.160,0.394,0.385,0.360,0.347,0.012,0.008,0.006,71.8,17.8,14.3,11.2,32.8,25.7,7.1,18,11.2,1.7,43.3,33.4,89.4,11.4,38.2,7.6,23,29.8,66.8,26.8,50.3,79.9,84.3,49.7,23.3,46.8,36,26.8,60.4,45,,-1,-1,0,0.7,-0.3,33.8,,4.5,27.6
"Adell, Jo",666176,2025,26,526,573,124,68,18,1,37,151,33,26.4,5.8,0.236,0.485,0.293,0.778,98,0.260,0.549,0.333,0.365,0.316,0.289,0.424,0.474,0.330,0.365,-0.024,-0.064,-0.032,77.6,73.4,19.1,14.4,26.2,19.8,7.7,30,8,-5.9,49.5,33.8,91.7,16.1,35.1,17.3,22.9,29.3,74.3,32.6,52.2,84.5,83.1,47.8,28.5,52.6,38,25.5,67,38,,-12,-1.7,-2.8,0.2,-4.2,29.9,,4.56,27.9
"Winn, Masyn",691026,2025,23,491,537,124,88,27,0,9,102,34,19,6.3,0.253,0.363,0.310,0.673,51,0.240,0.347,0.297,0.286,0.298,0.107,0.332,0.317,0.317,0.301,0.013,0.016,0.011,71.1,17.3,11.7,9.5,31.2,25.4,7.5,9,5.5,-3.9,43.7,29.1,88.3,16,31.3,4.8,31,30.3,62.3,25.9,46.8,70.3,85.8,53.2,19.6,45.3,38.9,26,55.1,39.2,,,,,,,,7,4.32,28.4
"Chisholm Jr., Jazz",665862,2025,27,462,531,112,65,15,1,31,148,58,27.9,10.9,0.242,0.481,0.332,0.813,80,0.234,0.481,0.349,0.346,0.325,0.247,0.443,0.438,0.352,0.341,0.008,0.000,0.003,73.9,41.9,16.3,11.2,29.6,20.4,7.8,7,15.8,-6.1,56.8,32.9,89,15.8,32.6,15,27.6,26.6,68.4,26.5,51,80.5,75,49,32.2,47.1,48.9,18.5,62,39.5,,,,,,,,3,4.29,27.6
"Contreras, William",661388,2025,27,566,659,147,102,28,0,17,120,84,18.2,12.7,0.260,0.399,0.355,0.754,76,0.253,0.398,0.332,0.331,0.352,0.145,0.353,0.353,0.325,0.321,0.007,0.001,0.001,73.2,35,19.3,15.1,36.6,28.6,7.1,27,10.6,3.3,65.7,29.2,91.1,7,31.6,6.4,20.8,36.3,67.9,25.2,50.2,78.7,82.9,49.8,24.2,46.5,35.2,25.9,60.2,50.4,83.5,,,,,,,1,4.5,26.2
"Langeliers, Shea",669127,2025,27,481,523,133,70,32,0,31,103,36,19.7,6.9,0.277,0.536,0.325,0.861,72,0.251,0.463,0.364,0.328,0.304,0.212,0.431,0.382,0.347,0.318,0.026,0.073,0.036,73.8,39.6,18.8,14.2,32.4,24.5,7.2,5,11.4,-3.1,61.4,30.3,90.9,16.4,33.4,11.2,31.3,26.9,73,32.1,50.4,75.3,84,49.6,25.1,52.4,41,21.4,62.5,37.3,86.1,,,,,,,,4.51,28.6
"Meidroth, Chase",805367,2025,23,450,505,114,94,15,0,5,72,45,14.3,8.9,0.253,0.320,0.329,0.649,23,0.254,0.333,0.294,0.300,0.330,0.080,0.295,0.303,0.301,0.302,-0.001,-0.013,-0.006,67.4,1.6,12,10.7,44.1,39.3,6.7,12,6.7,2.1,48.7,29.4,88.2,6.7,26.2,1.6,21.2,40.3,52.8,22.4,47,53,91,53,13,38.6,33.5,28.3,60,53.9,,,,,,,,,4.47,27.0
"Lee, Brooks",686797,2025,24,487,527,115,83,15,1,16,92,31,17.5,5.9,0.236,0.370,0.285,0.655,64,0.234,0.374,0.286,0.289,0.285,0.140,0.316,0.320,0.287,0.288,0.002,-0.004,-0.003,69.5,9.4,9.5,7.5,36.3,28.7,7.2,42,11.3,-4.7,57.8,30.9,88.6,13.2,30.8,5.8,27.5,33.5,68.6,31.8,51.2,77,88,48.8,24,49.8,40.8,22.8,60.2,44.3,,,,,,,,,4.52,26.1
"Donovan, Brendan",680977,2025,28,460,515,132,90,32,0,10,67,42,13,8.2,0.287,0.422,0.353,0.775,50,0.280,0.449,0.337,0.346,0.348,0.169,0.352,0.364,0.332,0.326,0.007,-0.027,-0.009,69.3,4.8,17.5,15.2,42.3,36.8,6.8,8,7.9,1.8,49.2,30.4,89.7,12.2,40.1,8.8,23.1,30.1,61.3,25,48,77.4,91.3,52,13.4,43.8,34.8,26.8,61,43.1,,-2,-0.1,-1.4,-0.6,-2,31.8,,4.43,26.6
"Díaz, Yandy",650490,2025,33,583,651,175,120,29,1,25,92,57,14.1,8.8,0.300,0.482,0.366,0.848,83,0.285,0.459,0.364,0.353,0.355,0.174,0.393,0.378,0.353,0.339,0.015,0.023,0.011,73.6,35.3,23.8,19.7,36.4,30.1,7.6,9,2.9,7,35.3,24.4,93,5,29.2,8.3,16.9,39.7,63.7,23.9,48.7,78.4,86.9,51.3,17.9,44.4,25,33.3,54.4,54,,,,,,,,,4.61,26.1
"Tucker, Kyle",663656,2025,28,500,597,133,82,25,4,22,88,87,14.7,14.6,0.266,0.464,0.377,0.841,73,0.270,0.483,0.363,0.372,0.381,0.213,0.373,0.386,0.320,0.327,-0.004,-0.019,-0.009,72,23.6,15.2,12.5,36.1,29.7,7.6,15,11.7,-8.1,49.5,33.9,90.1,17.2,37.5,10.8,30.3,25,70.8,17.6,48.1,85.8,84.9,51.9,20.2,45.2,45.2,20.9,56.3,33.9,,-2,-0.2,-0.9,0.2,-0.9,32.1,,4.52,26.5
"Story, Trevor",596115,2025,32,612,654,161,107,29,0,25,176,33,26.9,5,0.263,0.433,0.308,0.741,96,0.249,0.421,0.320,0.311,0.296,0.173,0.416,0.404,0.368,0.351,0.014,0.012,0.009,71.1,14.2,16.4,11.6,31.2,22,7.4,20,10.5,-4.5,46.2,29.4,91.4,14.2,32.6,9.8,25.6,27.6,72.3,35.3,48.4,78.9,82.1,51.6,29.3,54.4,37.4,27.9,64.2,43.6,,,,,,,,1,4.37,28.6
"Henderson, Gunnar",683002,2025,24,577,651,158,102,34,5,17,137,62,21,9.5,0.274,0.438,0.349,0.787,68,0.276,0.425,0.339,0.341,0.354,0.149,0.394,0.396,0.355,0.363,-0.002,0.013,-0.002,75.3,53.4,20.3,15.7,32.4,25.1,7.3,21,8.5,1,51,29,92.1,9.5,29.9,8.5,18.7,34.8,67.5,27.7,50.2,76.3,83.5,49.8,25.1,47.6,36.6,25.6,59.4,48.5,,,,,,,,13,4.22,28.5
"Hernández, Teoscar",606192,2025,32,511,546,126,71,29,1,25,134,26,24.5,4.8,0.247,0.454,0.284,0.738,89,0.250,0.455,0.315,0.323,0.291,0.206,0.397,0.408,0.330,0.339,-0.003,-0.001,-0.008,72.9,31,18.5,12.9,34.7,24.2,7.8,26,10.4,-0.1,54.4,31.9,90.2,9.9,34,11.5,20.9,35.3,68.5,30,47,77.8,77.2,53,31.9,50.4,35.9,26.4,62.8,45.3,,-9,-0.5,-0.6,0.8,-0.3,32.9,1,4.43,28.1
"Bellinger, Cody",641355,2025,29,588,656,160,101,25,5,29,90,57,13.7,8.7,0.272,0.480,0.334,0.814,98,0.254,0.430,0.347,0.327,0.320,0.176,0.370,0.343,0.316,0.298,0.018,0.050,0.020,70.1,6.5,12.6,10.4,33.9,28.1,7.8,10,12.9,-3.2,59.3,32.4,88.3,18.5,37.1,7.5,32.5,24.5,67,30,50.6,77.7,87.5,49.4,18.1,48.3,42.4,25.8,60,32.9,,7,-0.1,1,0.2,1.2,35.3,1,4.11,28.2
"Tatis Jr., Fernando",665487,2025,26,594,691,159,105,27,2,25,129,89,18.7,12.9,0.268,0.446,0.368,0.814,71,0.272,0.488,0.353,0.370,0.372,0.217,0.387,0.412,0.340,0.347,-0.004,-0.042,-0.017,74,42.7,21.8,16.3,37,27.6,7.3,32,8.3,0.8,56.4,29.8,93.3,9.4,28.9,10.9,21.2,36.8,70.3,24.4,53.3,88.7,82.3,46.7,27,45.9,36.2,23.6,57.4,49,,8,-0.4,0.6,0.2,0.5,33.8,17,4.37,28.6
"Alonso, Pete",624413,2025,30,624,709,170,90,41,1,38,162,61,22.8,8.6,0.272,0.524,0.347,0.871,126,0.274,0.572,0.368,0.386,0.349,0.299,0.445,0.471,0.361,0.364,-0.002,-0.048,-0.018,75.3,53.4,22.7,17.2,33.6,25.4,7.1,15,10.1,1.1,59.8,33.8,93.5,15.4,38.4,18.9,23.6,26.3,65.7,27.4,50.6,76.2,81.6,49.4,25.6,46.3,39.3,29.1,59.3,37.8,,,,,,,,,4.8,25.3
"Bichette, Bo",666182,2025,27,582,628,181,118,44,1,18,91,40,14.5,6.4,0.311,0.483,0.357,0.840,94,0.295,0.473,0.361,0.353,0.344,0.179,0.400,0.390,0.366,0.350,0.016,0.010,0.008,69.1,9.4,15.5,12.8,34.6,28.5,7.3,21,4.5,1.3,33.9,37.5,91,8.2,37.9,7.9,17.4,35.8,72.1,35.2,51.5,80.2,89.2,48.5,18.4,53.1,26.7,31.2,60.4,47.4,,,,,,,,,4.67,26.1
"Suárez, Eugenio",553993,2025,33,588,657,134,57,28,0,49,196,46,29.8,7,0.228,0.526,0.298,0.824,118,0.211,0.463,0.347,0.320,0.285,0.252,0.464,0.420,0.336,0.314,0.017,0.063,0.027,72.3,26.5,15.4,10.8,31.6,22.1,7.8,57,18.5,-5.5,44.4,38.7,90.2,21.9,32.8,14.3,35.1,22.6,69.4,31,49.6,76.1,78.8,50.4,33.3,50.4,47.4,17.8,64,32.1,,,,,,,,,4.69,26.4
"Barger, Addison",680718,2025,25,460,502,112,58,32,1,21,121,36,24.1,7.2,0.243,0.454,0.301,0.755,74,0.255,0.462,0.322,0.331,0.313,0.207,0.398,0.411,0.328,0.346,-0.012,-0.008,-0.009,75.9,62.7,20.6,15.4,30.6,22.9,7.7,7,9.1,-5,51,28.8,91.7,11.9,35.5,11.4,22,29.3,66.4,31.1,48.6,75.9,82,51.4,26.1,49.2,43.7,22.6,61.3,42.5,,-2,1.2,0,-1.2,0,32.9,,4.33,27.7
"Reynolds, Bryan",668804,2025,30,587,654,144,87,38,3,16,173,57,26.5,8.7,0.245,0.402,0.318,0.720,73,0.259,0.447,0.315,0.338,0.331,0.189,0.388,0.424,0.345,0.366,-0.014,-0.045,-0.023,72.2,22.7,16.4,12.1,32.9,24.1,6.9,43,13,1.1,47,37.9,91.2,7.3,38.4,10.1,16.8,35,73.4,26,50.2,83.9,80.5,49.8,29.4,49.6,41.2,24,64.8,47.2,,-2,-0.8,-0.9,0.5,-1.1,31.7,,4.37,28.1
"Lux, Gavin",666158,2025,27,446,503,120,85,28,2,5,114,56,22.7,11.1,0.269,0.374,0.350,0.724,53,0.243,0.336,0.322,0.299,0.327,0.092,0.371,0.335,0.360,0.326,0.026,0.038,0.023,69.6,5.1,12,9.8,34.5,28,7.4,32,11.3,2.5,45.4,33.3,88.3,9.6,38.1,3.6,21.9,34.8,65.1,19.5,49.1,80.9,86.2,50.9,21.6,42.7,39,20.4,63.2,47.1,,-6,-0.5,-3,0,-3.5,31,,4.27,27.9
"Rengifo, Luis",650859,2025,28,501,541,119,91,16,3,9,104,33,19.2,6.1,0.238,0.335,0.287,0.622,43,0.260,0.375,0.275,0.302,0.309,0.115,0.309,0.345,0.297,0.327,-0.022,-0.040,-0.027,69.5,7.3,10.9,8.5,34,26.7,7.1,13,7.2,3.7,48.9,33.6,87.1,6.7,34.7,5,19,38.7,71.5,30.5,48.6,75.8,85.5,51.4,21.9,51.6,32.7,26.4,64.9,50.6,,,,,,,,,4.36,27.0
"Manzardo, Kyle",700932,2025,24,470,531,110,62,19,2,27,135,48,25.4,9,0.234,0.455,0.313,0.768,70,0.224,0.443,0.329,0.322,0.305,0.220,0.402,0.391,0.324,0.311,0.010,0.012,0.007,70.6,8,14.2,10.4,35.7,26.1,7.4,20,17.3,-0.6,52.2,37,90.3,21.3,37.1,11.8,32.6,20,67,27.4,47.1,70.2,79.3,52.9,27.7,48.4,39.7,25.9,60.4,30.3,,,,,,,,,4.62,25.4
"Wilson, Jacob",805779,2025,23,486,523,151,112,26,0,13,39,27,7.5,5.2,0.311,0.444,0.355,0.799,63,0.277,0.364,0.348,0.304,0.324,0.087,0.352,0.302,0.337,0.301,0.034,0.080,0.044,63.9,0.3,4,3.6,41.4,37.5,6.1,9,2.8,-1.1,36.4,35.2,84.6,8.8,32.2,2.2,22,40,66.6,32.1,48.5,68.9,92.4,51.5,9.6,49.9,34,25.1,64.8,53.3,,,,,,,,1,4.51,27.0
"Adames, Willy",642715,2025,29,591,686,133,79,22,2,30,179,80,26.1,11.7,0.225,0.421,0.318,0.739,87,0.224,0.435,0.321,0.327,0.319,0.211,0.384,0.395,0.316,0.317,0.001,-0.014,-0.006,72.1,19.8,11.8,8.7,29.2,21.4,8.1,14,18.4,-3.9,50.3,35.3,88.9,21.1,35.6,12.6,32.8,19.7,67.9,26.7,51.5,77.6,81.2,48.5,29.2,46.7,44.2,24,59.2,31.8,,,,,,,,,4.48,28.0
"Burleson, Alec",676475,2025,26,497,546,144,98,26,2,18,79,39,14.5,7.1,0.290,0.459,0.343,0.802,69,0.272,0.471,0.346,0.345,0.329,0.199,0.376,0.376,0.341,0.323,0.018,-0.012,0.001,72.4,29.2,18.7,15.8,39.1,32.9,7.5,12,10,0.3,57.5,31.8,91,15.2,34,9.5,27.2,26.5,69.5,28.8,49.6,74.7,86.9,50.4,17.9,49.3,33.6,26,59,40.2,,-4,-1.4,-3,1.1,-3.3,30.3,,4.5,25.5
"García, Adolis",666969,2025,32,507,547,115,68,28,0,19,135,28,24.7,5.1,0.227,0.394,0.271,0.665,75,0.232,0.427,0.286,0.304,0.278,0.195,0.353,0.379,0.303,0.314,-0.005,-0.033,-0.018,72.1,25.3,16.9,12.2,35.9,25.8,7.6,16,8.8,-0.5,62.5,28,92.1,16.3,33.2,11.6,31.4,26.4,69.9,35.8,51.9,76.3,77.2,48.1,30.3,52.2,38,26.6,61.7,36.9,,1,0.5,0.7,0.3,1.5,35,1,4.5,27.0
"De La Cruz, Elly",682829,2025,23,629,699,166,106,31,7,22,181,67,25.9,9.6,0.264,0.440,0.336,0.776,86,0.251,0.424,0.333,0.322,0.325,0.173,0.419,0.403,0.370,0.352,0.013,0.016,0.011,74.5,45,20.4,14.1,34.4,23.8,7.2,32,8.3,-0.3,49.5,33.7,91,7.6,32.5,10.2,18.9,38.3,64.1,28.5,51.9,75.3,78.5,48.1,31.7,45.7,36.5,26.3,63,51.2,,,,,,,,42,4.3,29.1
"Sosa, Lenyn",672820,2025,25,518,544,137,94,20,1,22,127,18,23.3,3.3,0.264,0.434,0.293,0.727,75,0.263,0.467,0.313,0.326,0.293,0.204,0.392,0.411,0.348,0.349,0.001,-0.033,-0.013,72.6,26.3,16.2,12.7,34.4,26.9,7.4,9,10.5,0.5,55.4,32.6,90.7,18.4,39.2,10.4,28.9,24.1,61.5,40.9,50.8,60.6,86,49.2,23.5,51,36.2,25.8,62.5,32.2,,,,,,,,,4.71,26.7
"Judge, Aaron",592450,2025,33,541,679,179,94,30,2,53,160,124,23.6,18.3,0.331,0.688,0.457,1.145,114,0.300,0.708,0.463,0.460,0.434,0.409,0.597,0.592,0.461,0.422,0.031,-0.020,0.003,77,71.6,25.1,16.9,34.2,23.1,8.1,35,14.1,-6,50.8,38.4,95.4,19,39.4,24.7,22.9,20.6,67,22.5,52.5,78.6,75.3,47.5,34.6,43.7,36.3,26.5,56.9,33.5,,4,-0.1,-0.1,-0.1,-0.4,32.5,,4.73,27.1
"Kwan, Steven",680757,2025,27,625,693,170,129,29,1,11,60,55,8.7,7.9,0.272,0.374,0.330,0.704,56,0.273,0.366,0.310,0.310,0.334,0.093,0.304,0.305,0.297,0.301,-0.001,0.008,0.000,63.7,0.8,4.1,3.8,42.5,39.3,6.3,16,3.2,-2.5,35.3,35.6,86.2,15.6,39.7,1.9,31.7,29.6,58.8,22.7,46.8,68.8,96.1,53.2,8.7,41.9,29.7,31.5,59,39.1,,5,-0.8,0.6,0.7,0.5,34.2,2,4.28,27.3
"Pasquantino, Vinnie",686469,2025,27,621,682,164,98,33,1,32,107,49,15.7,7.2,0.264,0.475,0.323,0.798,113,0.259,0.463,0.340,0.334,0.319,0.205,0.375,0.367,0.316,0.311,0.005,0.012,0.006,72.5,26.4,18.2,15.1,36.2,30.1,7.4,12,9.7,-9.2,55.5,29.4,90.9,16.3,33.5,10.8,28.3,30.1,65.2,30.4,49.5,77,90,50.5,18.2,48,45.1,22,63,38.2,,,,,,,,,4.74,25.5
"Holliday, Jackson",702616,2025,21,586,649,142,101,21,3,17,140,56,21.6,8.6,0.242,0.375,0.314,0.689,55,0.241,0.404,0.304,0.314,0.313,0.163,0.346,0.360,0.318,0.316,0.001,-0.029,-0.010,70.6,10.7,15,11.6,35.1,27.2,6.9,21,8.3,5.6,52.8,31.9,88.8,8.9,32.4,7.8,22.1,35.1,68.3,22.3,46.3,79,81.6,53.7,24.5,47.1,33.8,26.4,62.8,49,,,,,,,,4,4.25,28.6
"Harris II, Michael",671739,2025,24,611,641,152,100,26,6,20,128,16,20,2.5,0.249,0.409,0.268,0.677,86,0.268,0.438,0.289,0.315,0.291,0.169,0.349,0.383,0.310,0.340,-0.019,-0.029,-0.026,74.3,40.7,18.8,14.4,31.2,24,8,22,6.9,-1,50.4,30.8,90.2,7.4,29.6,9.1,20.4,36.4,71.3,43.1,50.9,73.7,88.2,49.1,24.4,57,35.8,23.9,67.8,50.6,,8,0.1,0.6,0,0.7,35.1,10,4.28,28.5
"Perdomo, Geraldo",672695,2025,25,597,720,173,115,33,5,20,83,94,11.5,13.1,0.290,0.462,0.389,0.851,100,0.278,0.424,0.370,0.356,0.381,0.146,0.365,0.346,0.330,0.319,0.012,0.038,0.014,68.3,4.6,10.2,9.1,36,32.3,6.9,21,7.4,-1.8,49.9,35.4,87.6,15.5,36.2,6.2,28,26.6,57,19.2,45.6,69.7,92.1,54.4,12,39.7,40.3,26.5,58.6,39.8,,,,,,,,1,4.46,27.2
"India, Jonathan",663697,2025,28,497,567,116,78,29,0,9,106,54,18.7,9.5,0.233,0.346,0.323,0.669,45,0.238,0.378,0.301,0.315,0.329,0.140,0.314,0.335,0.295,0.304,-0.005,-0.032,-0.014,72,23.5,13.6,11.3,32.7,27.1,7.3,29,9.1,-4.6,61.2,28.2,87.9,17.1,33,5.8,32,28.4,58.1,18.6,45.1,62.4,87.3,54.9,19.9,40.3,48,22.8,62.1,38.3,,-3,-0.7,-2.3,-0.6,-3.6,29.4,,4.41,28.2
"Hayes, Ke'Bryan",663647,2025,28,527,570,124,100,16,3,5,111,36,19.5,6.3,0.235,0.306,0.290,0.596,49,0.238,0.342,0.266,0.282,0.295,0.104,0.295,0.318,0.297,0.304,-0.003,-0.036,-0.016,71.2,11.8,16.5,13.3,37.6,30.2,6.8,11,4.3,1.5,43.4,26.5,89.3,8.5,30.6,4.5,21.8,37.1,60.6,27,49.3,73.2,89.1,50.7,19.9,44.1,29.2,30.1,58.9,49,,,,,,,,,4.61,27.2
"Naylor, Josh",647304,2025,28,543,604,160,110,29,1,20,83,48,13.7,7.9,0.295,0.462,0.353,0.815,92,0.271,0.436,0.351,0.335,0.335,0.166,0.378,0.357,0.344,0.321,0.024,0.026,0.016,71,17.9,16.3,13,39.2,31.2,7.6,21,7.5,-8.3,44,31.4,89.2,11.6,30.8,6.7,23.9,32.7,72.5,37.1,52.6,80.8,86.8,47.4,22.1,53.9,42.2,18.3,63,45.8,,,,,,,,,4.86,24.4
"Greene, Riley",682985,2025,24,600,655,155,87,31,1,36,201,46,30.7,7,0.258,0.493,0.313,0.806,111,0.239,0.494,0.343,0.335,0.296,0.255,0.472,0.457,0.384,0.356,0.019,-0.001,0.008,75.6,57.2,15.1,10.4,24.6,17,7.3,6,13.9,1.2,43.6,44.6,89.9,15,36.9,17.1,24.5,28.7,73.6,31.2,49.6,85.7,76.2,50.4,30.9,52.6,40.8,26.2,63.3,40.8,,1,0.8,0,-0.3,0.5,34.6,,4.53,26.7
"Garcia, Maikel",672580,2025,25,595,666,170,110,39,5,16,84,62,12.6,9.3,0.286,0.449,0.351,0.800,74,0.276,0.422,0.347,0.335,0.343,0.146,0.361,0.346,0.329,0.319,0.010,0.027,0.012,71.9,17.2,21.2,18.4,43.9,38.1,7.3,11,4.6,0.5,44.2,27.1,91.3,9.7,34.5,5.6,24.7,35.5,58,20.8,48.2,68.8,90.6,51.8,15,40.1,35.3,25,62.5,44.9,,,,,,,,,4.41,27.9
"Olson, Matt",621566,2025,31,624,724,170,98,41,2,29,176,91,24.3,12.6,0.272,0.484,0.366,0.850,95,0.249,0.492,0.366,0.360,0.347,0.244,0.442,0.432,0.375,0.344,0.023,-0.008,0.006,73.9,41.3,18.1,13.5,29.3,21.9,7.5,21,8.7,1.1,48.2,33.9,93.3,14.8,37.1,14.3,24.1,28,66.5,24.9,51,75.3,78.2,49,26.2,45.3,36.6,28.5,58,39.7,,,,,,,,,4.73,25.2
"McCutchen, Andrew",457705,2025,38,477,551,114,79,22,0,13,118,67,21.4,12.2,0.239,0.367,0.333,0.700,57,0.258,0.415,0.309,0.333,0.350,0.157,0.342,0.379,0.315,0.340,-0.019,-0.048,-0.024,71.1,12,14.2,10.8,31.8,24.1,7.7,22,14.5,-0.8,53.2,34.5,89.5,14.5,34.5,8.3,23.5,29,69,20.7,48.6,87.9,80.5,51.4,26.2,45.6,46.7,20.2,58.3,42.3,,,,,,,,,4.57,27.1
"Soto, Juan",665742,2025,26,577,715,152,88,20,1,43,137,127,19.2,17.8,0.263,0.525,0.396,0.921,105,0.288,0.608,0.390,0.429,0.417,0.321,0.430,0.491,0.341,0.376,-0.025,-0.083,-0.039,73.6,40.9,26.3,21.6,39.6,32.5,7,36,10.9,3.8,65.9,28.1,93.8,12,32.9,18.1,19,28.9,55.7,15.9,50.5,71,83.6,49.5,22.4,35.5,38.9,20.8,55.6,45.2,,-12,-0.5,-1.2,0.2,-1.6,31.8,,4.58,25.8
"Caminero, Junior",691406,2025,21,602,653,159,86,28,0,45,125,41,19.1,6.3,0.264,0.535,0.311,0.846,110,0.255,0.501,0.357,0.346,0.307,0.246,0.419,0.404,0.329,0.323,0.009,0.034,0.011,78.5,81.1,22.4,17.2,29.1,22.4,8.4,21,8,-5.3,59.3,26.2,92.4,10.7,27.7,14,22.7,36.2,69.5,32.2,51,76.8,82.1,49,24.7,50.4,44.4,19,59.7,46.7,,,,,,,,,4.62,26.7
"Peña, Jeremy",665161,2025,27,493,543,150,101,30,2,17,93,35,17.1,6.4,0.304,0.477,0.363,0.840,62,0.270,0.432,0.363,0.334,0.333,0.162,0.409,0.370,0.373,0.332,0.034,0.045,0.029,72.3,15.7,19.9,14.8,40.6,30.2,7.6,13,10.9,-8.2,62.8,30.4,88.9,8.9,30,8.2,19.4,37.2,68.3,35.5,52.6,80.7,87.2,47.4,27.1,51,42.7,19.6,66.6,47.9,,,,,,,,64,4.28,29.6
"Pages, Andy",681624,2025,24,581,624,158,103,27,1,27,135,29,21.6,4.6,0.272,0.461,0.313,0.774,86,0.258,0.428,0.332,0.316,0.301,0.170,0.401,0.380,0.350,0.335,0.014,0.033,0.016,72.6,21.5,12.7,10.3,29.3,23.8,7.9,31,7.8,-4,48.3,40.6,88.6,16.9,38.9,8.4,29,25.4,70.5,33.2,46.6,84.2,87.1,53.4,21.5,53.1,40.7,25.2,65.4,35.4,,11,0.8,1.4,-0.1,2.1,36.2,,4.4,28.1
"Nootbaar, Lars",663457,2025,27,509,583,119,81,24,1,13,119,64,20.4,11,0.234,0.361,0.325,0.686,48,0.231,0.400,0.304,0.317,0.323,0.169,0.330,0.349,0.303,0.301,0.003,-0.039,-0.013,73.4,37.8,19.4,15.6,36,29,6.9,20,9.2,-3.1,55.4,28,91.3,16.5,33,10.2,30.2,28.4,56,22,48.9,66.5,87,51.1,20.9,39.4,33.8,26.9,55.9,37.8,,-1,-0.9,-1.2,0.4,-1.7,31.3,,4.4,27.0
"Freeman, Freddie",518692,2025,35,556,627,164,99,39,2,24,128,60,20.4,9.6,0.295,0.502,0.367,0.869,90,0.268,0.467,0.370,0.350,0.345,0.200,0.435,0.407,0.379,0.347,0.027,0.035,0.020,69.9,8.4,15.6,11.8,35.3,26.6,6.9,13,10.7,1,46.4,43.1,90.9,14.3,36.7,10.4,23.6,25.6,76.1,28.4,50.8,85.2,78.6,49.2,27.3,51.9,43.4,25.4,60,41.6,,,,,,,,,4.69,25.6
"Vargas, Miguel",678246,2025,25,504,569,118,68,32,2,16,100,56,17.6,9.8,0.234,0.401,0.316,0.717,60,0.237,0.407,0.314,0.319,0.320,0.171,0.334,0.340,0.290,0.294,-0.003,-0.006,-0.005,70.6,11.7,13.2,10.9,36,29.6,7.6,17,11.9,-3,64.6,35.4,89.7,22.6,36.6,9.3,37.3,20.4,69.3,21.6,48.3,85.3,83.8,51.7,20.6,46.2,40.5,23.3,61,29,,,,,,,,,4.43,27.5
"Volpe, Anthony",683011,2025,24,539,596,114,59,32,4,19,150,43,25.2,7.2,0.212,0.391,0.272,0.663,72,0.223,0.405,0.286,0.301,0.284,0.182,0.346,0.368,0.288,0.307,-0.011,-0.014,-0.015,72.6,28.6,15.5,11.8,33.5,25.4,7.2,11,11,5.6,64.9,31.5,89.3,12.4,34.6,10.5,24.1,31.1,65.7,23.9,47.2,74.2,78.3,52.8,25.1,45.9,32.8,26.6,63.1,41.6,,,,,,,,1,4.36,28.3
"Turang, Brice",668930,2025,25,584,659,168,120,28,2,18,150,66,22.8,10,0.288,0.435,0.359,0.794,81,0.262,0.429,0.346,0.335,0.338,0.167,0.412,0.395,0.383,0.350,0.026,0.006,0.011,70.6,18.1,14.3,11.6,34.3,27.8,6.8,27,6.9,8.2,45.1,31.2,91.1,8.6,35.1,7.9,19.7,31.7,62.8,23.8,47.3,74.7,84.5,52.7,21,44.3,25.9,33.6,57.1,46.9,,,,,,,,26,4.18,28.9
"Cronenworth, Jake",630105,2025,31,419,515,103,71,20,1,11,107,69,20.8,13.4,0.246,0.377,0.367,0.744,59,0.225,0.353,0.333,0.319,0.352,0.128,0.350,0.328,0.323,0.299,0.021,0.024,0.014,70.9,15.5,11.9,9.7,30.2,24.6,7,9,7.4,-0.7,36.5,31.1,88.5,14.9,31.9,6.2,28.2,30.7,62.1,22.2,48.7,68.4,88.6,51.3,18.8,42.7,35.6,26.6,60.3,43,,,,,,,,,4.38,28.1
"Edwards, Xavier",669364,2025,25,561,619,159,131,20,5,3,88,49,14.2,7.9,0.283,0.353,0.343,0.696,43,0.262,0.332,0.308,0.295,0.325,0.069,0.325,0.307,0.334,0.312,0.021,0.021,0.013,66.9,2.4,6.7,6,35.7,31.5,6.4,11,2.7,2.4,34.2,31.1,86.8,8.2,33.6,0.8,23.2,34.9,69.1,26.8,47.5,86.8,91.8,52.5,12.2,49,28.8,30.5,62.7,49.3,,,,,,,,8,4.2,28.3
"Yastrzemski, Mike",573262,2025,34,477,558,111,65,28,1,17,108,72,19.4,12.9,0.233,0.403,0.333,0.736,46,0.237,0.419,0.321,0.329,0.338,0.182,0.344,0.357,0.297,0.304,-0.004,-0.016,-0.008,71.2,9.7,13.7,11.5,34.7,29,7.5,15,10.9,-2.7,66.9,30.4,90.8,20.4,35.6,8.5,33.5,22.1,61.2,22,49.4,67.6,85.9,50.6,19,41.8,39.6,26.1,55.5,32.7,,-3,-0.3,1.1,0.4,1.2,35,,4.39,26.9
"Happ, Ian",664023,2025,30,569,663,138,83,32,0,23,151,87,22.8,13.1,0.243,0.420,0.342,0.762,79,0.256,0.457,0.333,0.354,0.356,0.200,0.379,0.411,0.326,0.348,-0.013,-0.037,-0.021,71.7,17.2,16.1,12.3,32.7,25,6.9,15,10.3,-5.5,46.5,32.7,90,16.1,35.7,10.4,25.8,22.7,63.5,20.8,46.9,83.5,82.5,53.1,24.6,43.5,40.9,25.3,59,36.6,,0,-0.2,-0.5,0.4,-0.3,33,,4.45,27.4
"Sheets, Gavin",657757,2025,29,492,545,124,76,28,1,19,107,44,19.6,8.1,0.252,0.429,0.317,0.746,71,0.263,0.453,0.323,0.340,0.331,0.190,0.366,0.390,0.319,0.337,-0.011,-0.024,-0.017,74.8,51.9,17.6,14.1,31.3,25,7.7,20,8.4,-7.5,53.9,27.5,89.9,14,38.8,9.5,26,27.8,59.6,31.4,52.7,64.8,85.2,47.3,23,44.7,42.2,23.9,58.3,37.3,,-5,-2.1,-2,0.4,-3.8,29.5,,4.49,27.0
"Bell, Josh",605137,2025,32,468,533,111,72,16,1,22,88,57,16.5,10.7,0.237,0.417,0.325,0.742,63,0.256,0.485,0.324,0.359,0.345,0.229,0.339,0.389,0.290,0.318,-0.019,-0.068,-0.035,73.1,34.9,18.6,14.6,34.4,27,8,12,10.1,-2.9,58,33.7,90.4,10.4,33.4,12,22.2,31.1,68.9,26.8,52.1,77.3,83.8,47.9,23.6,47,41.5,26.6,62.7,46,,,,,,,,,4.74,25.2
"Grisham, Trent",663757,2025,28,494,581,116,72,9,1,34,137,82,23.6,14.1,0.235,0.464,0.348,0.812,74,0.248,0.498,0.353,0.370,0.359,0.250,0.407,0.434,0.324,0.343,-0.013,-0.034,-0.017,71,11.5,18.3,14.6,37.8,30.1,7.6,15,16.7,1.8,57.8,30.9,91.1,16.4,34.6,14.2,24.6,24.9,58.1,17.3,47.1,71.6,83.4,52.9,22.7,38.9,47.8,16.8,56.8,37.2,,-2,1.3,-0.8,-0.8,-0.2,34.5,,4.54,26.7
"Buxton, Byron",621439,2025,31,488,542,129,66,21,7,35,148,41,27.3,7.6,0.264,0.551,0.327,0.878,83,0.249,0.514,0.367,0.350,0.315,0.266,0.482,0.457,0.373,0.355,0.015,0.037,0.017,75,50.5,20.3,14.5,31.9,22.7,7.9,15,14.1,-6.2,57.9,34,92.5,17.7,32.9,17.6,26.6,24.6,74.1,29.4,50.1,86,79.6,49.9,31.3,51.8,48.8,17.9,67,36.7,,3,-1.6,0,1,-0.6,34.8,56,4.13,30.2